game,game2,date,date2,series, series,series_game,Lebron s_g,team,Lebron t,opp,Lebron opp,result,Lebron r,mp,Lebron mp,fg,Lebron fg,fga,Lebron fga,fgp,Lebron fgp,three,Lebron 3,threeatt,Lebron 3att,threep,Lebron 3p,ft,Lebron ft,fta,Lebron fta,ftp,Lebron ftp,orb,Lebron orb,drb,Lebron drb,trb,Lebron trb,ast,Lebron ast,stl,Lebron stl,blk,Lebron blk,tov,Lebron tov,pts,Lebron pts,game_score,Lebron g_s,plus_minus,Lebron p_m
1,1,4/19/1985,4/22/2006,EC1,EC1,1,1,CHI,CLE,MIL,WAS,L (-9),W (+11),44,48,7,12,19,27,0.368,0.444,0,1,1,4,0,0.25,9,7,10,11,0.9,0.636,1,3,3,8,4,11,10,11,3,0,0,0,1,4,23,32,21.5,23.3,,11
2,2,4/21/1985,4/25/2006,EC1,EC1,2,2,CHI,CLE,MIL,WAS,L (-7),L (-5),43,43,9,7,17,25,0.529,0.364,1,0,4,3,0.25,0,11,11,12,13,0.917,0.846,1,4,3,4,4,8,12,7,2,1,0,2,7,2,30,27,24.3,22.5,,12
3,3,4/24/1985,4/28/2006,EC1,EC1,3,3,CHI,CLE,MIL,WAS,W (+2),W (+1),42,48,12,16,26,28,0.462,0.5,0,3,1,5,0,0.6,11,5,16,7,0.688,0.714,3,0,5,6,8,6,7,9,4,1,1,0,3,2,35,30,28.2,24.1,,6
4,4,4/26/1985,4/30/2006,EC1,EC1,4,4,CHI,CLE,MIL,WAS,L (-8),L (-10),42,45,6,13,16,23,0.375,0.647,0,6,2,9,0,0.667,17,9,20,10,0.85,0.9,2,0,5,12,7,12,5,11,2,2,3,1,4,2,29,37,24.3,39.9,,29
1,1,4/17/1986,4/22/2006,EC1,EC1,1,1,CHI,CLE,BOS,WAS,L (-19),W (+11),43,48,18,12,36,27,0.5,0.444,0,1,0,4,,0.25,13,7,15,11,0.867,0.636,0,3,4,8,4,11,2,11,2,0,1,0,5,4,49,32,29.3,23.3,,11
2,2,4/20/1986,4/25/2006,EC1,EC1,2,2,CHI,CLE,BOS,WAS,L (-4),L (-5),53,43,22,7,41,25,0.537,0.364,0,0,0,3,,0,19,11,21,13,0.905,0.846,1,4,4,4,5,8,6,7,3,1,2,2,4,2,63,27,47.2,22.5,,12
3,3,4/22/1986,4/28/2006,EC1,EC1,3,3,CHI,CLE,BOS,WAS,L (-18),W (+1),39,48,8,16,18,28,0.444,0.5,1,3,1,5,1,0.6,2,5,3,7,0.667,0.714,4,0,6,6,10,6,9,9,2,1,1,0,5,2,19,30,15.4,24.1,,6
1,1,4/23/1987,4/22/2006,EC1,EC1,1,1,CHI,CLE,BOS,WAS,L (-4),W (+11),44,48,12,12,25,27,0.48,0.444,0,1,1,4,0,0.25,11,7,11,11,1,0.636,0,3,6,8,6,11,7,11,4,0,2,0,2,4,35,32,30.8,23.3,,11
2,2,4/26/1987,4/25/2006,EC1,EC1,2,2,CHI,CLE,BOS,WAS,L (-9),L (-5),45,43,14,7,29,25,0.483,0.364,2,0,3,3,0.667,0,12,11,14,13,0.857,0.846,1,4,3,4,4,8,4,7,0,1,4,2,4,2,42,27,28.5,22.5,,12
3,3,4/28/1987,4/28/2006,EC1,EC1,3,3,CHI,CLE,BOS,WAS,L (-11),W (+1),39,48,9,16,30,28,0.3,0.5,0,3,1,5,0,0.6,12,5,14,7,0.857,0.714,6,0,5,6,11,6,7,9,2,1,1,0,2,2,30,30,21.5,24.1,,6
1,1,4/28/1988,4/22/2006,EC1,EC1,1,1,CHI,CLE,CLE,WAS,W (+11),W (+11),44,48,19,12,35,27,0.543,0.444,0,1,0,4,,0.25,12,7,12,11,1,0.636,1,3,6,8,7,11,2,11,2,0,2,0,5,4,50,32,34.2,23.3,,11
2,2,5/1/1988,4/25/2006,EC1,EC1,2,2,CHI,CLE,CLE,WAS,W (+5),L (-5),44,43,24,7,45,25,0.533,0.364,0,0,0,3,,0,7,11,7,13,1,0.846,3,4,3,4,6,8,3,7,4,1,1,2,1,2,55,27,40.3,22.5,,12
3,3,5/3/1988,4/28/2006,EC1,EC1,3,3,CHI,CLE,CLE,WAS,L (-8),W (+1),44,48,12,16,25,28,0.48,0.5,0,3,0,5,,0.6,14,5,15,7,0.933,0.714,2,0,3,6,5,6,9,9,2,1,1,0,4,2,38,30,30.2,24.1,,6
4,4,5/5/1988,4/30/2006,EC1,EC1,4,4,CHI,CLE,CLE,WAS,L (-6),L (-10),42,45,18,13,25,23,0.72,0.647,0,6,0,9,,0.667,8,9,9,10,0.889,0.9,2,0,3,12,5,12,4,11,4,2,2,1,4,2,44,37,37.4,39.9,,29
5,5,5/8/1988,5/3/2006,EC1,EC1,5,5,CHI,CLE,CLE,WAS,W (+6),W (+1),43,46,12,14,22,23,0.545,0.438,0,2,0,6,,0.333,15,13,18,15,0.833,0.867,1,1,3,7,4,8,6,7,2,2,2,1,7,4,39,29,27.8,25.4,,6
6,6,5/10/1988,5/5/2006,ECS,EC1,1,6,CHI,CLE,DET,WAS,L (-11),W (+1),40,53,10,15,22,25,0.455,0.462,0,0,1,3,0,0,9,8,10,10,0.9,0.8,5,6,6,9,11,15,6,5,0,2,1,1,5,1,29,32,20.8,29.5,,12
7,7,5/12/1988,5/7/2006,ECS,ECS,2,1,CHI,CLE,DET,DET,W (+10),L (-27),44,36,14,9,22,18,0.636,0.455,0,0,0,4,,0,8,8,10,13,0.8,0.615,4,4,7,5,11,9,1,5,1,6,1,0,2,2,36,28,28.7,26.4,,-7
8,8,5/14/1988,5/9/2006,ECS,ECS,3,2,CHI,CLE,DET,DET,L (-22),L (-6),38,48,8,11,20,23,0.4,0.455,0,1,0,4,,0.25,8,1,9,3,0.889,0.333,1,1,6,6,7,7,3,3,1,2,1,0,5,4,24,22,12.9,12,,-9
9,9,5/15/1988,5/13/2006,ECS,ECS,4,3,CHI,CLE,DET,DET,L (-19),W (+9),45,48,11,9,22,18,0.5,0.519,0,0,0,0,,0,1,12,2,16,0.5,0.75,2,6,5,12,7,18,5,9,6,2,0,2,3,5,23,40,21,37.2,,4
10,10,5/18/1988,5/15/2006,ECS,ECS,5,4,CHI,CLE,DET,DET,L (-7),W (+2),43,48,10,8,22,23,0.455,0.632,1,2,2,4,0.5,0.5,4,4,7,4,0.571,1,2,3,6,7,8,10,8,8,2,1,0,1,3,4,25,30,18.6,28.6,,28
1,1,4/28/1989,4/22/2006,EC1,EC1,1,1,CHI,CLE,CLE,WAS,W (+7),W (+11),40,48,12,12,21,27,0.571,0.444,0,1,1,4,0,0.25,7,7,8,11,0.875,0.636,0,3,5,8,5,11,11,11,4,0,1,0,6,4,31,32,26.6,23.3,,11
2,2,4/30/1989,4/25/2006,EC1,EC1,2,2,CHI,CLE,CLE,WAS,L (-8),L (-5),44,43,10,7,22,25,0.455,0.364,0,0,1,3,0,0,10,11,10,13,1,0.846,3,4,2,4,5,8,10,7,2,1,0,2,7,2,30,27,22.5,22.5,,12
3,3,5/3/1989,4/28/2006,EC1,EC1,3,3,CHI,CLE,CLE,WAS,W (+7),W (+1),39,48,18,16,34,28,0.529,0.5,1,3,1,5,1,0.6,7,5,9,7,0.778,0.714,2,0,5,6,7,6,10,9,5,1,1,0,5,2,44,30,35.6,24.1,,6
4,4,5/5/1989,4/30/2006,EC1,EC1,4,4,CHI,CLE,CLE,WAS,L (-3),L (-10),43,45,14,13,28,23,0.5,0.647,0,6,1,9,0,0.667,22,9,27,10,0.815,0.9,0,0,3,12,3,12,4,11,3,2,0,1,1,2,50,37,37.3,39.9,,29
5,5,5/7/1989,5/3/2006,EC1,EC1,5,5,CHI,CLE,CLE,WAS,W (+1),W (+1),44,46,17,14,32,23,0.531,0.438,1,2,1,6,1,0.333,9,13,13,15,0.692,0.867,3,1,6,7,9,8,6,7,1,2,0,1,2,4,44,29,32.7,25.4,,6
6,6,5/9/1989,5/5/2006,ECS,EC1,1,6,CHI,CLE,NYK,WAS,W (+11),W (+1),46,53,11,15,17,25,0.647,0.462,1,0,2,3,0.5,0,11,8,11,10,1,0.8,2,6,8,9,10,15,12,5,2,2,0,1,6,1,34,32,32.7,29.5,,12
7,7,5/11/1989,5/7/2006,ECS,ECS,2,1,CHI,CLE,NYK,DET,L (-17),L (-27),34,36,7,9,17,18,0.412,0.455,0,0,2,4,0,0,1,8,4,13,0.25,0.615,2,4,6,5,8,9,3,5,1,6,0,0,1,2,15,28,8.4,26.4,,-7
8,8,5/13/1989,5/9/2006,ECS,ECS,3,2,CHI,CLE,NYK,DET,W (+23),L (-6),39,48,14,11,25,23,0.56,0.455,1,1,2,4,0.5,0.25,11,1,13,3,0.846,0.333,2,1,13,6,15,7,9,3,6,2,1,0,3,4,40,22,41.4,12,,-9
9,9,5/14/1989,5/13/2006,ECS,ECS,4,3,CHI,CLE,NYK,DET,W (+13),W (+9),42,48,12,9,18,18,0.667,0.519,0,0,1,0,0,0,23,12,28,16,0.821,0.75,0,6,11,12,11,18,6,9,1,2,2,2,6,5,47,40,39.9,37.2,,4
10,10,5/16/1989,5/15/2006,ECS,ECS,5,4,CHI,CLE,NYK,DET,L (-7),W (+2),43,48,13,8,30,23,0.433,0.632,1,2,3,4,0.333,0.5,11,4,15,4,0.733,1,5,3,3,7,8,10,10,8,5,1,1,1,3,4,38,30,33.9,28.6,,28
11,11,5/19/1989,5/17/2006,ECS,ECS,6,5,CHI,CLE,NYK,DET,W (+2),W (+2),45,47,14,13,22,30,0.636,0.522,1,0,3,3,0.333,0,11,4,12,5,0.917,0.8,1,1,4,5,5,6,10,7,0,3,4,0,6,1,40,28,34.3,25,,16
12,12,5/21/1989,5/19/2006,ECF,ECS,1,6,CHI,CLE,DET,DET,W (+6),L (-2),45,48,10,8,29,20,0.345,0.591,2,0,6,3,0.333,0,10,6,13,9,0.769,0.667,2,1,9,12,11,13,4,3,0,1,0,3,3,3,32,32,16.4,26.3,,17
13,13,5/23/1989,5/21/2006,ECF,ECS,2,7,CHI,CLE,DET,DET,L (-9),L (-18),38,47,9,11,20,24,0.45,0.35,0,2,2,6,0,0.333,9,18,11,24,0.818,0.75,1,4,3,6,4,10,4,7,2,1,1,1,4,1,27,34,16.9,29.8,,10
14,14,5/27/1989,5/29/2007,ECF,ECF,3,4,CHI,CLE,DET,DET,W (+2),W (+4),45,44,16,8,26,19,0.615,0.615,0,1,3,4,0,0.25,14,1,15,5,0.933,0.2,3,0,4,8,7,8,5,5,5,2,0,2,2,3,46,34,42.8,25.3,,-6
15,15,5/29/1989,5/31/2007,ECF,ECF,4,5,CHI,CLE,DET,DET,L (-6),W (+2),43,50,5,18,15,33,0.333,0.476,1,2,3,4,0.333,0.5,12,7,17,8,0.706,0.875,0,0,2,7,2,7,4,6,1,2,0,1,1,4,23,29,13.9,22.1,,-22
16,16,5/31/1989,6/2/2007,ECF,ECF,5,6,CHI,CLE,DET,DET,L (-9),W (+16),46,46,4,3,8,11,0.5,0.314,0,3,1,6,0,0.5,10,14,11,18,0.909,0.778,0,4,5,12,5,16,9,11,1,1,0,1,4,3,18,39,17.2,28.9,,0
17,17,6/2/1989,6/7/2007,ECF,FIN,6,1,CHI,CLE,DET,SAS,L (-9),L (-9),42,44,13,4,26,16,0.5,0.538,1,1,2,2,0.5,0.5,5,3,12,5,0.417,0.6,0,2,4,9,4,11,13,6,3,1,2,2,8,5,32,32,20.9,23.5,,24
1,1,4/27/1990,4/22/2006,EC1,EC1,1,1,CHI,CLE,MIL,WAS,W (+14),W (+11),44,48,15,12,27,27,0.556,0.444,0,1,1,4,0,0.25,8,7,11,11,0.727,0.636,1,3,7,8,8,11,7,11,2,0,1,0,7,4,38,32,25.7,23.3,,11
2,2,4/29/1990,4/25/2006,EC1,EC1,2,2,CHI,CLE,MIL,WAS,W (+7),L (-5),44,43,12,7,21,25,0.571,0.364,0,0,0,3,,0,12,11,14,13,0.857,0.846,1,4,8,4,9,8,11,7,5,1,1,2,5,2,36,27,34.8,22.5,,12
3,3,5/1/1990,4/28/2006,EC1,EC1,3,3,CHI,CLE,MIL,WAS,L (-7),W (+1),46,48,20,16,35,28,0.571,0.5,1,3,5,5,0.2,0.6,7,5,9,7,0.778,0.714,2,0,7,6,9,6,5,9,1,1,2,0,5,2,48,30,33.5,24.1,,6
4,4,5/3/1990,4/30/2006,EC1,EC1,4,4,CHI,CLE,MIL,WAS,W (+24),L (-10),32,45,8,13,19,23,0.421,0.647,0,6,0,9,,0.667,9,9,13,10,0.692,0.9,1,0,5,12,6,12,5,11,2,2,0,1,1,2,25,37,18.8,39.9,,29
5,5,5/7/1990,5/3/2006,ECS,EC1,1,5,CHI,CLE,PHI,WAS,W (+11),W (+1),43,46,16,14,30,23,0.533,0.438,2,2,4,6,0.5,0.333,5,13,6,15,0.833,0.867,1,1,4,7,5,8,6,7,5,2,2,1,4,4,39,29,31.3,25.4,,6
6,6,5/9/1990,5/5/2006,ECS,EC1,2,6,CHI,CLE,PHI,WAS,W (+5),W (+1),43,53,18,15,36,25,0.5,0.462,1,0,3,3,0.333,0,8,8,8,10,1,0.8,4,6,4,9,8,15,7,5,3,2,0,1,2,1,45,32,35.7,29.5,,12
7,7,5/11/1990,5/7/2006,ECS,ECS,3,1,CHI,CLE,PHI,DET,L (-6),L (-27),42,36,19,9,34,18,0.559,0.455,4,0,11,4,0.364,0,7,8,9,13,0.778,0.615,2,4,3,5,5,9,5,5,4,6,1,0,5,2,49,28,35.9,26.4,,-7
8,8,5/13/1990,5/9/2006,ECS,ECS,4,2,CHI,CLE,PHI,DET,W (+10),L (-6),42,48,16,11,31,23,0.516,0.455,1,1,2,4,0.5,0.25,12,1,13,3,0.923,0.333,1,1,5,6,6,7,11,3,2,2,2,0,3,4,45,22,38.4,12,,-9
9,9,5/16/1990,5/13/2006,ECS,ECS,5,3,CHI,CLE,PHI,DET,W (+18),W (+9),42,48,17,9,26,18,0.654,0.519,1,0,3,0,0.333,0,2,12,4,16,0.5,0.75,2,6,7,12,9,18,8,9,6,2,1,2,4,5,37,40,35.8,37.2,,4
10,10,5/20/1990,5/15/2006,ECF,ECS,1,4,CHI,CLE,DET,DET,L (-9),W (+2),42,48,12,8,27,23,0.444,0.632,2,2,6,4,0.333,0.5,8,4,8,4,1,1,1,3,6,7,7,10,5,8,3,1,0,1,1,4,34,30,26.7,28.6,,28
11,11,5/22/1990,5/17/2006,ECF,ECS,2,5,CHI,CLE,DET,DET,L (-9),W (+2),45,47,5,13,16,30,0.313,0.522,0,0,2,3,0,0,10,4,12,5,0.833,0.8,1,1,6,5,7,6,7,7,4,3,1,0,3,1,20,28,17.1,25,,16
12,12,5/26/1990,5/19/2006,ECF,ECS,3,6,CHI,CLE,DET,DET,W (+5),L (-2),43,48,17,8,32,20,0.531,0.591,2,0,2,3,1,0,11,6,13,9,0.846,0.667,3,1,7,12,10,13,4,3,1,1,0,3,4,3,47,32,33.4,26.3,,17
13,13,5/28/1990,5/21/2006,ECF,ECS,4,7,CHI,CLE,DET,DET,W (+7),L (-18),43,47,13,11,26,24,0.5,0.35,0,2,1,6,0,0.333,16,18,19,24,0.842,0.75,0,4,4,6,4,10,9,7,4,1,3,1,4,1,42,34,35.4,29.8,,10
14,14,5/30/1990,5/29/2007,ECF,ECF,5,4,CHI,CLE,DET,DET,L (-14),W (+4),39,44,7,8,19,19,0.368,0.615,1,1,4,4,0.25,0.25,7,1,9,5,0.778,0.2,1,0,3,8,4,8,8,5,1,2,0,2,1,3,22,34,17.5,25.3,,-6
15,15,6/1/1990,5/31/2007,ECF,ECF,6,5,CHI,CLE,DET,DET,W (+18),W (+2),39,50,11,18,20,33,0.55,0.476,1,2,4,4,0.25,0.5,6,7,6,8,1,0.875,1,0,9,7,10,7,2,6,1,2,0,1,3,4,29,29,20.6,22.1,,-22
16,16,6/3/1990,6/2/2007,ECF,ECF,7,6,CHI,CLE,DET,DET,L (-19),W (+16),45,46,13,3,27,11,0.481,0.314,0,3,2,6,0,0.5,5,14,5,18,1,0.778,2,4,6,12,8,16,9,11,1,1,0,1,4,3,31,39,23,28.9,,0
1,1,4/25/1991,4/22/2006,EC1,EC1,1,1,CHI,CLE,NYK,WAS,W (+41),W (+11),32,48,8,12,15,27,0.533,0.444,3,1,4,4,0.75,0.25,9,7,9,11,1,0.636,1,3,5,8,6,11,6,11,2,0,0,0,1,4,28,32,27.3,23.3,,11
2,2,4/28/1991,4/25/2006,EC1,EC1,2,2,CHI,CLE,NYK,WAS,W (+10),L (-5),42,43,9,7,16,25,0.563,0.364,0,0,0,3,,0,8,11,9,13,0.889,0.846,1,4,4,4,5,8,5,7,0,1,1,2,2,2,26,27,21.3,22.5,,12
3,3,4/30/1991,4/28/2006,EC1,EC1,3,3,CHI,CLE,NYK,WAS,W (+9),W (+1),39,48,14,16,28,28,0.5,0.5,0,3,2,5,0,0.6,5,5,5,7,1,0.714,1,0,2,6,3,6,7,9,6,1,1,0,1,2,33,30,29.7,24.1,,6
4,4,5/4/1991,4/30/2006,ECS,EC1,1,4,CHI,CLE,PHI,WAS,W (+13),L (-10),31,45,8,13,15,23,0.533,0.647,0,6,1,9,0,0.667,13,9,15,10,0.867,0.9,0,0,5,12,5,12,5,11,3,2,1,1,1,2,29,37,27.8,39.9,,29
5,5,5/6/1991,5/3/2006,ECS,EC1,2,5,CHI,CLE,PHI,WAS,W (+12),W (+1),40,46,12,14,26,23,0.462,0.438,0,2,5,6,0,0.333,5,13,7,15,0.714,0.867,1,1,7,7,8,8,9,7,1,2,1,1,1,4,29,29,23,25.4,,6
6,6,5/10/1991,5/5/2006,ECS,EC1,3,6,CHI,CLE,PHI,WAS,L (-2),W (+1),42,53,20,15,34,25,0.588,0.462,0,0,0,3,,0,6,8,9,10,0.667,0.8,0,6,4,9,4,15,6,5,1,2,4,1,2,1,46,32,35,29.5,,12
7,7,5/12/1991,5/7/2006,ECS,ECS,4,1,CHI,CLE,PHI,DET,W (+16),L (-27),41,36,11,9,27,18,0.407,0.455,2,0,3,4,0.667,0,1,8,2,13,0.5,0.615,0,4,4,5,4,9,12,5,4,6,0,0,1,2,25,28,21.1,26.4,,-7
8,8,5/14/1991,5/9/2006,ECS,ECS,5,2,CHI,CLE,PHI,DET,W (+5),L (-6),42,48,14,11,31,23,0.452,0.455,0,1,2,4,0,0.25,10,1,11,3,0.909,0.333,4,1,15,6,19,7,7,3,0,2,1,0,4,4,38,22,29.2,12,,-9
9,9,5/19/1991,5/13/2006,ECF,ECS,1,3,CHI,CLE,DET,DET,W (+11),W (+9),38,48,6,9,15,18,0.4,0.519,0,0,1,0,0,0,10,12,13,16,0.769,0.75,0,6,3,12,3,18,6,9,3,2,0,2,6,5,22,40,13.2,37.2,,4
10,10,5/21/1991,5/15/2006,ECF,ECS,2,4,CHI,CLE,DET,DET,W (+8),W (+2),39,48,10,8,20,23,0.5,0.632,2,2,2,4,1,0.5,13,4,14,4,0.929,1,2,3,1,7,3,10,7,8,2,1,0,1,3,4,35,30,29.4,28.6,,28
11,11,5/25/1991,5/17/2006,ECF,ECS,3,5,CHI,CLE,DET,DET,W (+6),W (+2),46,47,11,13,19,30,0.579,0.522,0,0,0,3,,0,11,4,12,5,0.917,0.8,0,1,7,5,7,6,7,7,3,3,5,0,1,1,33,28,34.6,25,,16
12,12,5/27/1991,5/19/2006,ECF,ECS,4,6,CHI,CLE,DET,DET,W (+21),L (-2),37,48,11,8,17,20,0.647,0.591,1,0,2,3,0.5,0,6,6,9,9,0.667,0.667,0,1,8,12,8,13,8,3,1,1,2,3,2,3,29,32,27.9,26.3,,17
13,13,6/2/1991,5/21/2006,FIN,ECS,1,7,CHI,CLE,LAL,DET,L (-2),L (-18),40,47,14,11,24,24,0.583,0.35,1,2,1,6,1,0.333,7,18,9,24,0.778,0.75,2,4,6,6,8,10,12,7,3,1,0,1,4,1,36,34,32.6,29.8,,10
14,14,6/5/1991,5/29/2007,FIN,ECF,2,4,CHI,CLE,LAL,DET,W (+21),W (+4),36,44,15,8,18,19,0.833,0.615,0,1,1,4,0,0.25,3,1,4,5,0.75,0.2,1,0,6,8,7,8,13,5,2,2,1,2,4,3,33,34,34.7,25.3,,-6
15,15,6/7/1991,5/31/2007,FIN,ECF,3,5,CHI,CLE,LAL,DET,W (+8),W (+2),52,50,11,18,28,33,0.393,0.476,1,2,1,4,1,0.5,6,7,6,8,1,0.875,4,0,5,7,9,7,9,6,4,2,2,1,3,4,29,29,24.8,22.1,,-22
16,16,6/9/1991,6/2/2007,FIN,ECF,4,6,CHI,CLE,LAL,DET,W (+15),W (+16),44,46,11,3,20,11,0.55,0.314,0,3,1,6,0,0.5,6,14,6,18,1,0.778,1,4,4,12,5,16,13,11,0,1,2,1,1,3,28,39,28.6,28.9,,0
17,17,6/12/1991,6/7/2007,FIN,FIN,5,1,CHI,CLE,LAL,SAS,W (+7),L (-9),48,44,12,4,23,16,0.522,0.538,0,1,0,2,,0.5,6,3,8,5,0.75,0.6,0,2,4,9,4,11,10,6,5,1,2,2,6,5,30,32,26.1,23.5,,24
1,1,4/24/1992,4/22/2006,EC1,EC1,1,1,CHI,CLE,MIA,WAS,W (+19),W (+11),41,48,21,12,34,27,0.618,0.444,0,1,0,4,,0.25,4,7,4,11,1,0.636,1,3,10,8,11,11,9,11,3,0,1,0,5,4,46,32,37.7,23.3,,11
2,2,4/26/1992,4/25/2006,EC1,EC1,2,2,CHI,CLE,MIA,WAS,W (+30),L (-5),35,43,12,7,23,25,0.522,0.364,0,0,0,3,,0,9,11,10,13,0.9,0.846,4,4,9,4,13,8,6,7,2,1,0,2,4,2,33,27,27.8,22.5,,12
3,3,4/29/1992,4/28/2006,EC1,EC1,3,3,CHI,CLE,MIA,WAS,W (+5),W (+1),43,48,20,16,30,28,0.667,0.5,0,3,0,5,,0.6,16,5,18,7,0.889,0.714,1,0,4,6,5,6,5,9,4,1,2,0,2,2,56,30,49.8,24.1,,6
4,4,5/5/1992,4/30/2006,ECS,EC1,1,4,CHI,CLE,NYK,WAS,L (-5),L (-10),44,45,12,13,23,23,0.522,0.647,0,6,0,9,,0.667,7,9,8,10,0.875,0.9,1,0,5,12,6,12,3,11,1,2,3,1,2,2,31,37,23.1,39.9,,29
5,5,5/7/1992,5/3/2006,ECS,EC1,2,5,CHI,CLE,NYK,WAS,W (+8),W (+1),43,46,12,14,24,23,0.5,0.438,0,2,0,6,,0.333,3,13,8,15,0.375,0.867,1,1,5,7,6,8,5,7,3,2,0,1,2,4,27,29,18.9,25.4,,6
6,6,5/9/1992,5/5/2006,ECS,EC1,3,6,CHI,CLE,NYK,WAS,W (+8),W (+1),44,53,12,15,24,25,0.5,0.462,1,0,3,3,0.333,0,7,8,10,10,0.7,0.8,1,6,8,9,9,15,3,5,3,2,1,1,6,1,32,32,20.9,29.5,,12
7,7,5/10/1992,5/7/2006,ECS,ECS,4,1,CHI,CLE,NYK,DET,L (-7),L (-27),44,36,12,9,26,18,0.462,0.455,0,0,2,4,0,0,5,8,6,13,0.833,0.615,2,4,2,5,4,9,4,5,0,6,0,0,0,2,29,28,19.6,26.4,,-7
8,8,5/12/1992,5/9/2006,ECS,ECS,5,2,CHI,CLE,NYK,DET,W (+8),L (-6),40,48,11,11,23,23,0.478,0.455,0,1,0,4,,0.25,15,1,17,3,0.882,0.333,2,1,3,6,5,7,3,3,1,2,0,0,4,4,37,22,24.7,12,,-9
9,9,5/14/1992,5/13/2006,ECS,ECS,6,3,CHI,CLE,NYK,DET,L (-14),W (+9),45,48,9,9,25,18,0.36,0.519,1,0,5,0,0.2,0,2,12,4,16,0.5,0.75,0,6,4,12,4,18,8,9,0,2,1,2,7,5,21,40,6.8,37.2,,4
10,10,5/17/1992,5/15/2006,ECS,ECS,7,4,CHI,CLE,NYK,DET,W (+29),W (+2),42,48,15,8,29,23,0.517,0.632,0,2,0,4,,0.5,12,4,13,4,0.923,1,3,3,3,7,6,10,4,8,2,1,3,1,5,4,42,30,31,28.6,,28
11,11,5/19/1992,5/17/2006,ECF,ECS,1,5,CHI,CLE,CLE,DET,W (+14),W (+2),40,47,15,13,29,30,0.517,0.522,1,0,2,3,0.5,0,2,4,2,5,1,0.8,1,1,5,5,6,6,7,7,2,3,1,0,1,1,33,28,27.5,25,,16
12,12,5/21/1992,5/19/2006,ECF,ECS,2,6,CHI,CLE,CLE,DET,L (-26),L (-2),35,48,7,8,22,20,0.318,0.591,0,0,0,3,,0,6,6,7,9,0.857,0.667,8,1,3,12,11,13,3,3,3,1,2,3,6,3,20,32,12.8,26.3,,17
13,13,5/23/1992,5/21/2006,ECF,ECS,3,7,CHI,CLE,CLE,DET,W (+9),L (-18),43,47,13,11,27,24,0.481,0.35,1,2,1,6,1,0.333,9,18,10,24,0.9,0.75,3,4,3,6,6,10,9,7,1,1,0,1,5,1,36,34,26,29.8,,10
14,14,5/25/1992,5/29/2007,ECF,ECF,4,4,CHI,CLE,CLE,DET,L (-14),W (+4),44,44,15,8,33,19,0.455,0.615,1,1,3,4,0.333,0.25,4,1,5,5,0.8,0.2,2,0,3,8,5,8,6,5,3,2,0,2,5,3,35,34,20.8,25.3,,-6
15,15,5/27/1992,5/31/2007,ECF,ECF,5,5,CHI,CLE,CLE,DET,W (+23),W (+2),39,50,13,18,28,33,0.464,0.476,0,2,0,4,,0.5,11,7,12,8,0.917,0.875,0,0,3,7,3,7,5,6,4,2,0,1,0,4,37,29,29,22.1,,-22
16,16,5/29/1992,6/2/2007,ECF,ECF,6,6,CHI,CLE,CLE,DET,W (+5),W (+16),44,46,10,3,27,11,0.37,0.314,0,3,0,6,,0.5,9,14,9,18,1,0.778,1,4,7,12,8,16,8,11,2,1,0,1,3,3,29,39,20.3,28.9,,0
17,17,6/3/1992,6/7/2007,FIN,FIN,1,1,CHI,CLE,POR,SAS,W (+33),L (-9),34,44,16,4,27,16,0.593,0.538,6,1,10,2,0.6,0.5,1,3,1,5,1,0.6,2,2,1,9,3,11,11,6,2,1,0,2,1,5,39,32,36.9,23.5,,24
18,18,6/5/1992,6/10/2007,FIN,FIN,2,2,CHI,CLE,POR,SAS,L (-11),L (-11),50,38,16,9,32,21,0.5,0.563,0,1,4,5,0,0.2,7,6,9,9,0.778,0.667,1,1,4,9,5,10,10,8,1,0,0,2,5,8,39,25,25.1,17.8,,-4
19,19,6/7/1992,6/12/2007,FIN,FIN,3,3,CHI,CLE,POR,SAS,W (+10),L (-3),41,42,11,9,22,23,0.5,0.5,0,2,1,5,0,0.4,4,10,4,12,1,0.833,2,2,5,10,7,12,4,8,3,1,0,0,5,6,26,28,17.1,23.4,,-2
20,20,6/10/1992,6/14/2007,FIN,FIN,4,4,CHI,CLE,POR,SAS,L (-5),L (-1),44,46,11,10,26,30,0.423,0.714,2,6,6,9,0.333,0.667,8,4,8,6,1,0.667,0,3,5,10,5,13,6,7,0,3,0,0,5,4,32,40,17.3,39.1,,7
21,21,6/12/1992,6/12/2011,FIN,FIN,5,6,CHI,MIA,POR,DAL,W (+13),L (-10),42,40,14,9,23,15,0.609,0.65,2,1,4,5,0.5,0.2,16,1,19,4,0.842,0.25,0,3,5,11,5,14,4,10,0,1,1,0,4,1,46,28,33.3,29.2,,18
22,22,6/14/1992,6/19/2012,FIN,FIN,6,4,CHI,MIA,POR,OKC,W (+4),W (+6),43,44,13,10,24,20,0.542,0.65,2,1,3,5,0.667,0.2,5,1,5,4,1,0.25,1,3,3,11,4,14,4,10,4,1,1,0,4,1,33,28,25.3,29.2,,18
1,1,4/30/1993,4/22/2006,EC1,EC1,1,1,CHI,CLE,ATL,WAS,W (+24),W (+11),29,48,15,12,26,27,0.577,0.444,2,1,4,4,0.5,0.25,3,7,4,11,0.75,0.636,3,3,4,8,7,11,5,11,0,0,0,0,0,4,35,32,28,23.3,,11
2,2,5/2/1993,4/25/2006,EC1,EC1,2,2,CHI,CLE,ATL,WAS,W (+15),L (-5),38,43,10,7,24,25,0.417,0.364,2,0,4,3,0.5,0,7,11,8,13,0.875,0.846,0,4,6,4,6,8,4,7,3,1,4,2,0,2,29,27,24.2,22.5,,12
3,3,5/4/1993,4/28/2006,EC1,EC1,3,3,CHI,CLE,ATL,WAS,W (+10),W (+1),40,48,16,16,28,28,0.571,0.5,2,3,5,5,0.4,0.6,5,5,5,7,1,0.714,0,0,7,6,7,6,4,9,2,1,1,0,4,2,39,30,27.8,24.1,,6
4,4,5/11/1993,4/30/2006,ECS,EC1,1,4,CHI,CLE,CLE,WAS,W (+7),L (-10),42,45,16,13,30,23,0.533,0.647,0,6,4,9,0,0.667,11,9,11,10,1,0.9,0,0,0,12,0,12,4,11,3,2,1,1,3,2,43,37,30.7,39.9,,29
5,5,5/13/1993,5/3/2006,ECS,EC1,2,5,CHI,CLE,CLE,WAS,W (+19),W (+1),31,46,8,14,18,23,0.444,0.438,0,2,2,6,0,0.333,2,13,5,15,0.4,0.867,2,1,3,7,5,8,6,7,2,2,0,1,2,4,18,29,13.9,25.4,,6
6,6,5/15/1993,5/5/2006,ECS,EC1,3,6,CHI,CLE,CLE,WAS,W (+6),W (+1),40,53,12,15,24,25,0.5,0.462,0,0,1,3,0,0,8,8,10,10,0.8,0.8,2,6,4,9,6,15,5,5,2,2,0,1,2,1,32,32,24.9,29.5,,12
7,7,5/17/1993,5/7/2006,ECS,ECS,4,1,CHI,CLE,CLE,DET,W (+2),L (-27),40,36,11,9,24,18,0.458,0.455,2,0,2,4,1,0,7,8,9,13,0.778,0.615,3,4,6,5,9,9,6,5,2,6,1,0,4,2,31,28,23.8,26.4,,-7
8,8,5/23/1993,5/9/2006,ECF,ECS,1,2,CHI,CLE,NYK,DET,L (-8),L (-6),43,48,10,11,27,23,0.37,0.455,2,1,4,4,0.5,0.25,5,1,6,3,0.833,0.333,1,1,1,6,2,7,5,3,4,2,0,0,1,4,27,22,17.2,12,,-9
9,9,5/25/1993,5/13/2006,ECF,ECS,2,3,CHI,CLE,NYK,DET,L (-5),W (+9),39,48,12,9,32,18,0.375,0.519,1,0,7,0,0.143,0,11,12,13,16,0.846,0.75,3,6,6,12,9,18,1,9,2,2,0,2,3,5,36,40,20,37.2,,4
10,10,5/29/1993,5/15/2006,ECF,ECS,3,4,CHI,CLE,NYK,DET,W (+20),W (+2),38,48,3,8,18,23,0.167,0.632,0,2,0,4,,0.5,16,4,17,4,0.941,1,1,3,7,7,8,10,11,8,2,1,2,1,2,4,22,30,21.7,28.6,,28
11,11,5/31/1993,5/17/2006,ECF,ECS,4,5,CHI,CLE,NYK,DET,W (+10),W (+2),39,47,18,13,30,30,0.6,0.522,6,0,9,3,0.667,0,12,4,14,5,0.857,0.8,0,1,6,5,6,6,2,7,2,3,1,0,2,1,54,28,41.3,25,,16
12,12,6/2/1993,5/19/2006,ECF,ECS,5,6,CHI,CLE,NYK,DET,W (+3),L (-2),45,48,11,8,24,20,0.458,0.591,0,0,1,3,0,0,7,6,9,9,0.778,0.667,2,1,8,12,10,13,14,3,2,1,1,3,5,3,29,32,26.3,26.3,,17
13,13,6/4/1993,5/21/2006,ECF,ECS,6,7,CHI,CLE,NYK,DET,W (+8),L (-18),45,47,8,11,24,24,0.333,0.35,1,2,4,6,0.25,0.333,8,18,9,24,0.889,0.75,0,4,2,6,2,10,9,7,3,1,2,1,1,1,25,34,19.7,29.8,,10
14,14,6/9/1993,5/29/2007,FIN,ECF,1,4,CHI,CLE,PHO,DET,W (+8),W (+4),43,44,14,8,28,19,0.5,0.615,0,1,1,4,0,0.25,3,1,4,5,0.75,0.2,2,0,5,8,7,8,5,5,5,2,1,2,2,3,31,34,25.9,25.3,,-6
15,15,6/11/1993,5/31/2007,FIN,ECF,2,5,CHI,CLE,PHO,DET,W (+3),W (+2),40,50,18,18,36,33,0.5,0.476,2,2,2,4,1,0.5,4,7,5,8,0.8,0.875,5,0,7,7,12,7,9,6,2,2,0,1,5,4,42,29,31.7,22.1,,-22
16,16,6/13/1993,6/2/2007,FIN,ECF,3,6,CHI,CLE,PHO,DET,L (-8),W (+16),57,46,19,3,43,11,0.442,0.314,3,3,9,6,0.333,0.5,3,14,6,18,0.5,0.778,3,4,6,12,9,16,6,11,2,1,1,1,3,3,44,39,26.1,28.9,,0
17,17,6/16/1993,6/7/2007,FIN,FIN,4,1,CHI,CLE,PHO,SAS,W (+6),L (-9),46,44,21,4,37,16,0.568,0.538,0,1,1,2,0,0.5,13,3,18,5,0.722,0.6,1,2,7,9,8,11,4,6,0,1,0,2,1,5,55,32,38.9,23.5,,24
18,18,6/18/1993,6/10/2007,FIN,FIN,5,2,CHI,CLE,PHO,SAS,L (-10),L (-11),44,38,16,9,29,21,0.552,0.563,2,1,7,5,0.286,0.2,7,6,10,9,0.7,0.667,1,1,6,9,7,10,7,8,0,0,2,2,2,8,41,25,30.7,17.8,,-4
19,19,6/20/1993,6/12/2007,FIN,FIN,6,3,CHI,CLE,PHO,SAS,W (+1),L (-3),44,42,13,9,26,23,0.5,0.5,3,2,5,5,0.6,0.4,4,10,6,12,0.667,0.833,3,2,5,10,8,12,7,8,1,1,0,0,3,6,33,28,24.5,23.4,,-2
1,1,4/28/1995,4/22/2006,EC1,EC1,1,1,CHI,CLE,CHH,WAS,W (+8),W (+11),47,48,18,12,32,27,0.563,0.444,1,1,4,4,0.25,0.25,11,7,11,11,1,0.636,1,3,8,8,9,11,8,11,1,0,1,0,3,4,48,32,39.8,23.3,,11
2,2,4/30/1995,4/25/2006,EC1,EC1,2,2,CHI,CLE,CHH,WAS,L (-17),L (-5),40,43,13,7,25,25,0.52,0.364,3,0,6,3,0.5,0,3,11,6,13,0.5,0.846,3,4,4,4,7,8,7,7,0,1,0,2,5,2,32,27,19.7,22.5,,12
3,3,5/2/1995,4/28/2006,EC1,EC1,3,3,CHI,CLE,CHH,WAS,W (+23),W (+1),38,48,9,16,19,28,0.474,0.5,1,3,2,5,0.5,0.6,6,5,7,7,0.857,0.714,2,0,4,6,6,6,3,9,4,1,2,0,6,2,25,30,17.8,24.1,,6
4,4,5/4/1995,4/30/2006,EC1,EC1,4,4,CHI,CLE,CHH,WAS,W (+1),L (-10),41,45,8,13,21,23,0.381,0.647,3,6,5,9,0.6,0.667,5,9,6,10,0.833,0.9,1,0,3,12,4,12,5,11,3,2,0,1,3,2,24,37,15.6,39.9,,29
5,5,5/7/1995,5/3/2006,ECS,EC1,1,5,CHI,CLE,ORL,WAS,L (-3),W (+1),40,46,8,14,22,23,0.364,0.438,0,2,2,6,0,0.333,3,13,5,15,0.6,0.867,2,1,3,7,5,8,3,7,1,2,0,1,8,4,19,29,2.6,25.4,,6
6,6,5/10/1995,5/5/2006,ECS,EC1,2,6,CHI,CLE,ORL,WAS,W (+10),W (+1),43,53,17,15,30,25,0.567,0.462,1,0,1,3,1,0,3,8,8,10,0.375,0.8,3,6,4,9,7,15,3,5,4,2,4,1,2,1,38,32,30.4,29.5,,12
7,7,5/12/1995,5/7/2006,ECS,ECS,3,1,CHI,CLE,ORL,DET,L (-9),L (-27),43,36,15,9,31,18,0.484,0.455,0,0,3,4,0,0,10,8,10,13,1,0.615,4,4,3,5,7,9,4,5,0,6,1,0,4,2,40,28,26.3,26.4,,-7
8,8,5/14/1995,5/9/2006,ECS,ECS,4,2,CHI,CLE,ORL,DET,W (+11),L (-6),44,48,9,11,21,23,0.429,0.455,0,1,1,4,0,0.25,8,1,8,3,1,0.333,2,1,5,6,7,7,3,3,4,2,0,0,4,4,26,22,19.1,12,,-9
9,9,5/16/1995,5/13/2006,ECS,ECS,5,3,CHI,CLE,ORL,DET,L (-8),W (+9),45,48,15,9,28,18,0.536,0.519,1,0,4,0,0.25,0,8,12,8,16,1,0.75,0,6,4,12,4,18,2,9,2,2,2,2,0,5,39,40,31,37.2,,4
10,10,5/18/1995,5/15/2006,ECS,ECS,6,4,CHI,CLE,ORL,DET,L (-6),W (+2),39,48,8,8,19,23,0.421,0.632,1,2,2,4,0.5,0.5,7,4,10,4,0.7,1,2,3,7,7,9,10,7,8,4,1,4,1,6,4,24,30,19.9,28.6,,28
1,1,4/26/1996,4/22/2006,EC1,EC1,1,1,CHI,CLE,MIA,WAS,W (+17),W (+11),38,48,13,12,22,27,0.591,0.444,0,1,1,4,0,0.25,9,7,12,11,0.75,0.636,2,3,2,8,4,11,2,11,1,0,1,0,4,4,35,32,22.7,23.3,,11
2,2,4/28/1996,4/25/2006,EC1,EC1,2,2,CHI,CLE,MIA,WAS,W (+31),L (-5),32,43,9,7,17,25,0.529,0.364,2,0,3,3,0.667,0,9,11,12,13,0.75,0.846,0,4,4,4,4,8,4,7,1,1,0,2,0,2,29,27,24.5,22.5,,12
3,3,5/1/1996,4/28/2006,EC1,EC1,3,3,CHI,CLE,MIA,WAS,W (+21),W (+1),33,48,10,16,23,28,0.435,0.5,3,3,6,5,0.5,0.6,3,5,3,7,1,0.714,1,0,2,6,3,6,2,9,3,1,0,0,0,2,26,30,19.6,24.1,,6
4,4,5/5/1996,4/30/2006,ECS,EC1,1,4,CHI,CLE,NYK,WAS,W (+7),L (-10),41,45,17,13,35,23,0.486,0.647,1,6,5,9,0.2,0.667,9,9,9,10,1,0.9,1,0,4,12,5,12,2,11,0,2,0,1,1,2,44,37,27,39.9,,29
5,5,5/7/1996,5/3/2006,ECS,EC1,2,5,CHI,CLE,NYK,WAS,W (+11),W (+1),40,46,11,14,25,23,0.44,0.438,1,2,3,6,0.333,0.333,5,13,5,15,1,0.867,3,1,2,7,5,8,5,7,3,2,0,1,2,4,28,29,22.1,25.4,,6
6,6,5/11/1996,5/5/2006,ECS,EC1,3,6,CHI,CLE,NYK,WAS,L (-3),W (+1),51,53,17,15,35,25,0.486,0.462,2,0,5,3,0.4,0,10,8,13,10,0.769,0.8,3,6,1,9,4,15,2,5,2,2,0,1,4,1,46,32,28.1,29.5,,12
7,7,5/12/1996,5/7/2006,ECS,ECS,4,1,CHI,CLE,NYK,DET,W (+3),L (-27),40,36,7,9,23,18,0.304,0.455,2,0,7,4,0.286,0,11,8,13,13,0.846,0.615,2,4,6,5,8,9,8,5,2,6,1,0,0,2,27,28,22.4,26.4,,-7
8,8,5/14/1996,5/9/2006,ECS,ECS,5,2,CHI,CLE,NYK,DET,W (+13),L (-6),43,48,13,11,29,23,0.448,0.455,1,1,2,4,0.5,0.25,8,1,9,3,0.889,0.333,1,1,1,6,2,7,5,3,2,2,0,0,2,4,35,22,22,12,,-9
9,9,5/19/1996,5/13/2006,ECF,ECS,1,3,CHI,CLE,ORL,DET,W (+38),W (+9),37,48,9,9,17,18,0.529,0.519,1,0,2,0,0.5,0,2,12,3,16,0.667,0.75,2,6,5,12,7,18,4,9,2,2,0,2,3,5,21,40,15.8,37.2,,4
10,10,5/21/1996,5/15/2006,ECF,ECS,2,4,CHI,CLE,ORL,DET,W (+5),W (+2),43,48,9,8,21,23,0.429,0.632,2,2,4,4,0.5,0.5,15,4,16,4,0.938,1,1,3,4,7,5,10,6,8,4,1,1,1,2,4,35,30,31.5,28.6,,28
11,11,5/25/1996,5/17/2006,ECF,ECS,3,5,CHI,CLE,ORL,DET,W (+19),W (+2),39,47,5,13,14,30,0.357,0.522,1,0,1,3,1,0,6,4,11,5,0.545,0.8,3,1,4,5,7,6,4,7,2,3,1,0,2,1,17,28,13.6,25,,16
12,12,5/27/1996,5/19/2006,ECF,ECS,4,6,CHI,CLE,ORL,DET,W (+5),L (-2),44,48,16,8,23,20,0.696,0.591,3,0,4,3,0.75,0,10,6,14,9,0.714,0.667,2,1,1,12,3,13,5,3,1,1,1,3,4,3,45,32,34.6,26.3,,17
13,13,6/5/1996,5/21/2006,FIN,ECS,1,7,CHI,CLE,SEA,DET,W (+17),L (-18),41,47,9,11,18,24,0.5,0.35,1,2,4,6,0.25,0.333,9,18,10,24,0.9,0.75,0,4,7,6,7,10,2,7,2,1,1,1,2,1,28,34,21.2,29.8,,10
14,14,6/7/1996,5/29/2007,FIN,ECF,2,4,CHI,CLE,SEA,DET,W (+4),W (+4),43,44,9,8,22,19,0.409,0.615,1,1,2,4,0.5,0.25,10,1,16,5,0.625,0.2,2,0,4,8,6,8,8,5,2,2,0,2,2,3,29,34,21.8,25.3,,-6
15,15,6/9/1996,5/31/2007,FIN,ECF,3,5,CHI,CLE,SEA,DET,W (+22),W (+2),41,50,11,18,23,33,0.478,0.476,3,2,4,4,0.75,0.5,11,7,11,8,1,0.875,2,0,1,7,3,7,5,6,2,2,0,1,3,4,36,29,28.1,22.1,,-22
16,16,6/12/1996,6/2/2007,FIN,ECF,4,6,CHI,CLE,SEA,DET,L (-21),W (+16),41,46,6,3,19,11,0.316,0.314,0,3,2,6,0,0.5,11,14,13,18,0.846,0.778,1,4,2,12,3,16,2,11,1,1,0,1,4,3,23,39,9.8,28.9,,0
17,17,6/14/1996,6/7/2007,FIN,FIN,5,1,CHI,CLE,SEA,SAS,L (-11),L (-9),43,44,11,4,22,16,0.5,0.538,0,1,4,2,0,0.5,4,3,5,5,0.8,0.6,2,2,2,9,4,11,1,6,1,1,0,2,2,5,26,32,15.1,23.5,,24
18,18,6/16/1996,6/10/2007,FIN,FIN,6,2,CHI,CLE,SEA,SAS,W (+12),L (-11),43,38,5,9,19,21,0.263,0.563,1,1,3,5,0.333,0.2,11,6,12,9,0.917,0.667,3,1,6,9,9,10,7,8,2,0,0,2,5,8,22,25,14.9,17.8,,-4
1,1,4/25/1997,4/22/2006,EC1,EC1,1,1,CHI,CLE,WSB,WAS,W (+12),W (+11),42,48,12,12,25,27,0.48,0.444,0,1,1,4,0,0.25,5,7,5,11,1,0.636,0,3,8,8,8,11,8,11,2,0,0,0,3,4,29,32,21.3,23.3,,11
2,2,4/27/1997,4/25/2006,EC1,EC1,2,2,CHI,CLE,WSB,WAS,W (+5),L (-5),44,43,22,7,35,25,0.629,0.364,1,0,2,3,0.5,0,10,11,10,13,1,0.846,3,4,4,4,7,8,2,7,2,1,0,2,2,2,55,27,42.8,22.5,,12
3,3,4/30/1997,4/28/2006,EC1,EC1,3,3,CHI,CLE,WSB,WAS,W (+1),W (+1),43,48,14,16,24,28,0.583,0.5,0,3,5,5,0,0.6,0,5,0,7,,0.714,1,0,1,6,2,6,6,9,0,1,1,0,2,2,28,30,19.9,24.1,,6
4,4,5/6/1997,4/30/2006,ECS,EC1,1,4,CHI,CLE,ATL,WAS,W (+3),L (-10),44,45,13,13,25,23,0.52,0.647,1,6,3,9,0.333,0.667,7,9,10,10,0.7,0.9,3,0,8,12,11,12,6,11,4,2,3,1,3,2,34,37,31.1,39.9,,29
5,5,5/8/1997,5/3/2006,ECS,EC1,2,5,CHI,CLE,ATL,WAS,L (-8),W (+1),45,46,12,14,29,23,0.414,0.438,0,2,6,6,0,0.333,3,13,3,15,1,0.867,6,1,10,7,16,8,6,7,0,2,1,1,1,4,27,29,21.8,25.4,,6
6,6,5/10/1997,5/5/2006,ECS,EC1,3,6,CHI,CLE,ATL,WAS,W (+20),W (+1),38,53,8,15,20,25,0.4,0.462,0,0,1,3,0,0,5,8,5,10,1,0.8,3,6,6,9,9,15,3,5,2,2,2,1,5,1,21,32,13.4,29.5,,12
7,7,5/11/1997,5/7/2006,ECS,ECS,4,1,CHI,CLE,ATL,DET,W (+9),L (-27),43,36,12,9,22,18,0.545,0.455,0,0,2,4,0,0,3,8,5,13,0.6,0.615,2,4,6,5,8,9,4,5,2,6,1,0,5,2,27,28,18.9,26.4,,-7
8,8,5/13/1997,5/9/2006,ECS,ECS,5,2,CHI,CLE,ATL,DET,W (+15),L (-6),40,48,9,11,23,23,0.391,0.455,1,1,5,4,0.2,0.25,5,1,5,3,1,0.333,2,1,5,6,7,7,7,3,2,2,0,0,2,4,24,22,19.3,12,,-9
9,9,5/20/1997,5/13/2006,ECF,ECS,1,3,CHI,CLE,MIA,DET,W (+7),W (+9),42,48,15,9,31,18,0.484,0.519,0,0,2,0,0,0,7,12,10,16,0.7,0.75,3,6,6,12,9,18,3,9,1,2,1,2,2,5,37,40,24.6,37.2,,4
10,10,5/22/1997,5/15/2006,ECF,ECS,2,4,CHI,CLE,MIA,DET,W (+7),W (+2),43,48,4,8,15,23,0.267,0.632,0,2,1,4,0,0.5,15,4,16,4,0.938,1,2,3,7,7,9,10,3,8,4,1,1,1,2,4,23,30,21.6,28.6,,28
11,11,5/24/1997,5/17/2006,ECF,ECS,3,5,CHI,CLE,MIA,DET,W (+24),W (+2),36,47,14,13,25,30,0.56,0.522,1,0,2,3,0.5,0,5,4,5,5,1,0.8,3,1,5,5,8,6,1,7,1,3,0,0,3,1,34,28,23.2,25,,16
12,12,5/26/1997,5/19/2006,ECF,ECS,4,6,CHI,CLE,MIA,DET,L (-7),L (-2),45,48,9,8,35,20,0.257,0.591,0,0,8,3,0,0,11,6,13,9,0.846,0.667,4,1,4,12,8,13,1,3,1,1,0,3,2,3,29,32,10.2,26.3,,17
13,13,5/28/1997,5/21/2006,ECF,ECS,5,7,CHI,CLE,MIA,DET,W (+13),L (-18),43,47,11,11,31,24,0.355,0.35,1,2,4,6,0.25,0.333,5,18,6,24,0.833,0.75,1,4,5,6,6,10,5,7,2,1,2,1,4,1,28,34,13.8,29.8,,10
14,14,6/1/1997,5/29/2007,FIN,ECF,1,4,CHI,CLE,UTA,DET,W (+2),W (+4),41,44,13,8,27,19,0.481,0.615,0,1,0,4,,0.25,5,1,7,5,0.714,0.2,1,0,3,8,4,8,8,5,0,2,1,2,0,3,31,34,23.2,25.3,,-6
15,15,6/4/1997,5/31/2007,FIN,ECF,2,5,CHI,CLE,UTA,DET,W (+12),W (+2),45,50,11,18,20,33,0.55,0.476,1,2,2,4,0.5,0.5,15,7,21,8,0.714,0.875,4,0,9,7,13,7,9,6,2,2,0,1,5,4,38,29,34,22.1,,-22
16,16,6/6/1997,6/2/2007,FIN,ECF,3,6,CHI,CLE,UTA,DET,L (-11),W (+16),41,46,9,3,22,11,0.409,0.314,4,3,10,6,0.4,0.5,4,14,5,18,0.8,0.778,0,4,3,12,3,16,6,11,1,1,2,1,1,3,26,39,19.9,28.9,,0
17,17,6/8/1997,6/7/2007,FIN,FIN,4,1,CHI,CLE,UTA,SAS,L (-5),L (-9),42,44,11,4,27,16,0.407,0.538,0,1,4,2,0,0.5,0,3,0,5,,0.6,1,2,3,9,4,11,4,6,0,1,0,2,3,5,22,32,7.7,23.5,,24
18,18,6/11/1997,6/10/2007,FIN,FIN,5,2,CHI,CLE,UTA,SAS,W (+2),L (-11),44,38,13,9,27,21,0.481,0.563,2,1,5,5,0.4,0.2,10,6,12,9,0.833,0.667,2,1,5,9,7,10,5,8,3,0,1,2,3,8,38,25,29.4,17.8,,-4
19,19,6/13/1997,6/12/2007,FIN,FIN,6,3,CHI,CLE,UTA,SAS,W (+4),L (-3),44,42,15,9,35,23,0.429,0.5,1,2,4,5,0.25,0.4,8,10,10,12,0.8,0.833,1,2,10,10,11,12,4,8,1,1,1,0,1,6,39,28,26.1,23.4,,-2
1,1,4/24/1998,4/22/2006,EC1,EC1,1,1,CHI,CLE,NJN,WAS,W (+3),W (+11),47,48,11,12,27,27,0.407,0.444,0,1,2,4,0,0.25,17,7,23,11,0.739,0.636,0,3,7,8,7,11,3,11,1,0,1,0,3,4,39,32,24.6,23.3,,11
2,2,4/26/1998,4/25/2006,EC1,EC1,2,2,CHI,CLE,NJN,WAS,W (+5),L (-5),39,43,9,7,19,25,0.474,0.364,0,0,0,3,,0,14,11,17,13,0.824,0.846,1,4,3,4,4,8,2,7,1,1,1,2,5,2,32,27,20,22.5,,12
3,3,4/29/1998,4/28/2006,EC1,EC1,3,3,CHI,CLE,NJN,WAS,W (+15),W (+1),44,48,16,16,22,28,0.727,0.5,2,3,2,5,1,0.6,4,5,5,7,0.8,0.714,2,0,2,6,4,6,3,9,2,1,1,0,2,2,38,30,32.6,24.1,,6
4,4,5/3/1998,4/30/2006,ECS,EC1,1,4,CHI,CLE,CHH,WAS,W (+13),L (-10),44,45,11,13,26,23,0.423,0.647,1,6,3,9,0.333,0.667,12,9,14,10,0.857,0.9,4,0,7,12,11,12,4,11,1,2,1,1,3,2,35,37,26.8,39.9,,29
5,5,5/6/1998,5/3/2006,ECS,EC1,2,5,CHI,CLE,CHH,WAS,L (-2),W (+1),40,46,10,14,21,23,0.476,0.438,0,2,3,6,0,0.333,2,13,3,15,0.667,0.867,1,1,4,7,5,8,6,7,0,2,0,1,0,4,22,29,16.2,25.4,,6
6,6,5/8/1998,5/5/2006,ECS,EC1,3,6,CHI,CLE,CHH,WAS,W (+14),W (+1),39,53,9,15,20,25,0.45,0.462,0,0,1,3,0,0,9,8,10,10,0.9,0.8,3,6,2,9,5,15,6,5,1,2,0,1,3,1,27,32,19.9,29.5,,12
7,7,5/10/1998,5/7/2006,ECS,ECS,4,1,CHI,CLE,CHH,DET,W (+14),L (-27),40,36,14,9,31,18,0.452,0.455,0,0,1,4,0,0,3,8,3,13,1,0.615,0,4,3,5,3,9,4,5,1,6,0,0,2,2,31,28,17.2,26.4,,-7
8,8,5/13/1998,5/9/2006,ECS,ECS,5,2,CHI,CLE,CHH,DET,W (+9),L (-6),42,48,15,11,29,23,0.517,0.455,0,1,3,4,0,0.25,3,1,4,3,0.75,0.333,1,1,3,6,4,7,3,3,2,2,1,0,0,4,33,22,23.5,12,,-9
9,9,5/17/1998,5/13/2006,ECF,ECS,1,3,CHI,CLE,IND,DET,W (+6),W (+9),41,48,11,9,28,18,0.393,0.519,0,0,0,0,,0,9,12,10,16,0.9,0.75,2,6,4,12,6,18,1,9,5,2,0,2,1,5,31,40,22.3,37.2,,4
10,10,5/19/1998,5/15/2006,ECF,ECS,2,4,CHI,CLE,IND,DET,W (+6),W (+2),42,48,13,8,22,23,0.591,0.632,0,2,1,4,0,0.5,15,4,18,4,0.833,1,0,3,4,7,4,10,5,8,4,1,0,1,0,4,41,30,37.1,28.6,,28
11,11,5/23/1998,5/17/2006,ECF,ECS,3,5,CHI,CLE,IND,DET,L (-2),W (+2),44,47,9,13,22,30,0.409,0.522,2,0,3,3,0.667,0,10,4,12,5,0.833,0.8,1,1,3,5,4,6,7,7,1,3,0,0,5,1,30,28,18.7,25,,16
12,12,5/25/1998,5/19/2006,ECF,ECS,4,6,CHI,CLE,IND,DET,L (-2),L (-2),41,48,12,8,27,20,0.444,0.591,1,0,3,3,0.333,0,3,6,4,9,0.75,0.667,2,1,3,12,5,13,2,3,0,1,2,3,6,3,28,32,11,26.3,,17
13,13,5/27/1998,5/21/2006,ECF,ECS,5,7,CHI,CLE,IND,DET,W (+19),L (-18),36,47,12,11,20,24,0.6,0.35,2,2,4,6,0.5,0.333,3,18,4,24,0.75,0.75,1,4,6,6,7,10,4,7,1,1,1,1,0,1,29,34,25.6,29.8,,10
14,14,5/29/1998,5/29/2007,ECF,ECF,6,4,CHI,CLE,IND,DET,L (-3),W (+4),42,44,12,8,23,19,0.522,0.615,1,1,4,4,0.25,0.25,10,1,11,5,0.909,0.2,1,0,4,8,5,8,2,5,1,2,0,2,3,3,35,34,23,25.3,,-6
15,15,5/31/1998,5/31/2007,ECF,ECF,7,5,CHI,CLE,IND,DET,W (+5),W (+2),42,50,9,18,25,33,0.36,0.476,0,2,0,4,,0.5,10,7,15,8,0.667,0.875,5,0,4,7,9,7,8,6,0,2,0,1,2,4,28,29,19.2,22.1,,-22
16,16,6/3/1998,6/2/2007,FIN,ECF,1,6,CHI,CLE,UTA,DET,L (-3),W (+16),46,46,13,3,29,11,0.448,0.314,1,3,2,6,0.5,0.5,6,14,8,18,0.75,0.778,1,4,2,12,3,16,2,11,0,1,2,1,0,3,33,39,20,28.9,,0
17,17,6/5/1998,6/7/2007,FIN,FIN,2,1,CHI,CLE,UTA,SAS,W (+5),L (-9),40,44,14,4,33,16,0.424,0.538,0,1,2,2,0,0.5,9,3,10,5,0.9,0.6,3,2,2,9,5,11,3,6,1,1,1,2,0,5,37,32,24.8,23.5,,24
18,18,6/7/1998,6/10/2007,FIN,FIN,3,2,CHI,CLE,UTA,SAS,W (+42),L (-11),32,38,7,9,14,21,0.5,0.563,0,1,0,5,,0.2,10,6,11,9,0.909,0.667,1,1,2,9,3,10,2,8,1,0,1,2,2,8,24,25,18.6,17.8,,-4
19,19,6/10/1998,6/12/2007,FIN,FIN,4,3,CHI,CLE,UTA,SAS,W (+4),L (-3),43,42,12,9,27,23,0.444,0.5,0,2,0,5,,0.4,10,10,15,12,0.667,0.833,3,2,5,10,8,12,2,8,2,1,0,0,3,6,34,28,21.5,23.4,,-2
20,20,6/12/1998,6/14/2007,FIN,FIN,5,4,CHI,CLE,UTA,SAS,L (-2),L (-1),45,46,9,10,26,30,0.346,0.714,0,6,2,9,0,0.667,10,4,11,6,0.909,0.667,1,3,3,10,4,13,4,7,3,3,0,0,4,4,28,40,14.8,39.1,,7
21,21,6/14/1998,6/12/2011,FIN,FIN,6,6,CHI,MIA,UTA,DAL,W (+1),L (-10),44,40,15,9,35,15,0.429,0.65,3,1,7,5,0.429,0.2,12,1,15,4,0.8,0.25,0,3,1,11,1,14,1,10,4,1,0,0,1,1,45,28,28.5,29.2,,18
